<?xml version="1.0"?>
<!--$Id: osdn-search.xml 3902 2006-05-03 02:54:05Z raman $-->
<!DOCTYPE html PUBLIC "-//W3C//DTD XHTML 1.0 Transitional//EN" "http://www.w3.org/TR/xhtml1/DTD/xhtml1-transitional.dtd">
<html xmlns="http://www.w3.org/1999/xhtml">
  <head>
    <meta name="generator" content="HTML Tidy, see www.w3.org"/>
    <title>OSDN Open Source Developer Network</title>
  </head>
  <body>
    <p/>
    <form action="http://www.osdn.com/osdnsearch.pl" method="POST">
      <table>
        <tr>
          <td>
            <label for="site">Site</label>
            <select id="site" name="site">
              <option value="all" selected="selected">All OSDN Sites</option>
              <option value="">-----------</option>
              <option value="Freshmeat">freshmeat</option>
              <option value="Jobs.OSDN.com">Jobs.OSDN.com</option>
              <option value="Kuro5hin">Kuro5hin</option>
              <option value="LinuxGram">LinuxGram</option>
              <option value="NewsForge">NewsForge</option>
              <option value="OSDN">OSDN.com</option>
              <option value="Slashcode">Slashcode</option>
              <option value="Slashdot">Slashdot</option>
              <option value="SourceForge">SourceForge.net</option>
            </select>
          </td>
          <td>
            <input type="text" name="query" size="12" id="query"/>
            <label for="query">Find </label>
          </td>
          <td>
            <input type="submit" value="submit"/>
          </td>
        </tr>
      </table>
    </form>
  </body>
</html>
