<?xml version="1.0"?>
<!DOCTYPE html PUBLIC "-//W3C//DTD XHTML 1.0 Transitional//EN" "http://www.w3.org/TR/xhtml1/DTD/xhtml1-transitional.dtd">
<!--$Id: google-directory.xml 3902 2006-05-03 02:54:05Z raman $-->
<html xmlns="http://www.w3.org/1999/xhtml">
  <head>
    <title>Google Directory Search</title>
  </head>
  <body>
    <form method="GET" action="http://www.google.com/search">
      <p>
        <label id="q">Find </label>
        <input type="text" name="q" size="25" id="q"/>
        <label for="cat">in </label>
        <select name="cat" id="cat">
          <option value="gwd/Top/Arts/">Arts</option>
          <option value="gwd/Top/Business/">Business</option>
          <option value="gwd/Top/Computers/">Computers</option>
          <option value="gwd/Top/Games/">Games</option>
          <option value="gwd/Top/Health/">Health</option>
          <option value="gwd/Top/Home/">Home</option>
          <option value="gwd/Top/Kids_and_Teens/">Kids and Teens</option>
          <option value="gwd/Top/News/">News</option>
          <option value="gwd/Top/Recreation/">Recreation</option>
          <option value="gwd/Top/Reference/">Reference</option>
          <option value="gwd/Top/Regional/">Regional</option>
          <option value="gwd/Top/Science/">Science</option>
          <option value="gwd/Top/Shopping/">Shopping</option>
          <option value="gwd/Top/Society/">Society</option>
          <option value="gwd/Top/Sports/">Sports</option>
          <option value="gwd/Top/World/">World</option>
        </select>
        <input type="hidden" name="hl" value="n"/>
        <input type="submit" name="sa" value="Search Google Directory "/>
      </p>
    </form>
    <h2>Categories</h2>
    <table>
      <tr>
        <td>
          <b>
            <a href="/Top/Arts/">Arts</a>
          </b>
          <br/>
          <p>
            <b>
              <a href="/Top/Business/">Business</a>
            </b>
            <br/>
          </p>
          <p>
            <b>
              <a href="/Top/Computers/">Computers</a>
            </b>
            <br/>
          </p>
          <p>
            <b>
              <a href="/Top/Games/">Games</a>
            </b>
            <br/>
          </p>
          <p>
            <b>
              <a href="/Top/Health/">Health</a>
            </b>
            <br/>
          </p>
        </td>
        <td>
          <b>
            <a href="/Top/Home/">Home</a>
          </b>
          <br/>
          <p>
            <b>
              <a href="/Top/Kids_and_Teens/">Kids and Teens</a>
            </b>
            <br/>
          </p>
          <p>
            <b>
              <a href="/Top/News/">News</a>
            </b>
            <br/>
          </p>
          <p>
            <b>
              <a href="/Top/Recreation/">Recreation</a>
            </b>
            <br/>
          </p>
          <p>
            <b>
              <a href="/Top/Reference/">Reference</a>
            </b>
            <br/>
          </p>
        </td>
        <td>
          <b>
            <a href="/Top/Regional/">Regional</a>
          </b>
          <br/>
          <p>
            <b>
              <a href="/Top/Science/">Science</a>
            </b>
            <br/>
          </p>
          <p>
            <b>
              <a href="/Top/Shopping/">Shopping</a>
            </b>
            <br/>
          </p>
          <p>
            <b>
              <a href="/Top/Society/">Society</a>
            </b>
            <br/>
          </p>
          <p>
            <b>
              <a href="/Top/Sports/">Sports</a>
            </b>
            <br/>
          </p>
        </td>
      </tr>
      <tr>
        <td colspan="3">
          <b>
            <a href="/Top/World/">World</a>
          </b>
          <br/>
        </td>
      </tr>
    </table>
  </body>
</html>
