<!DOCTYPE html PUBLIC "-//W3C//DTD XHTML 1.0 Transitional//EN"
"http://www.w3.org/TR/xhtml1/DTD/xhtml1-transitional.dtd">
<html xmlns="http://www.w3.org/1999/xhtml">
  <head>
    <meta http-equiv="Content-Type"
    content="text/html; charset=iso8859-15" />
    <base href="http://www.googlism.com/" />
    <title>Googlism :</title>
  </head>
  <body>
    <form method="get" action="/index.htm">
      <label for="q">Googlism</label>
      <input id="q" type="text" name="ism" />
      <input type="submit" value="Googlism!" /><br/>
      <input type="radio" name="type" value="1"
      checked="checked" /> Who <input type="radio" name="type"
      value="2" /> What <input type="radio" name="type"
      value="3" /> Where <input type="radio" name="type"
      value="4" /> When
    </form>
    
  </body>
</html>
