<?xml version="1.0"?>
<!DOCTYPE html PUBLIC "-//W3C//DTD XHTML 1.0 Transitional//EN" "http://www.w3.org/TR/xhtml1/DTD/xhtml1-transitional.dtd">
<!--$Id: home-page-search.xml 3902 2006-05-03 02:54:05Z raman $-->
<html xmlns="http://www.w3.org/1999/xhtml">
  <head>
    <title>HPS --Home Page Search</title>
  </head>
  <body>
    <p/>
    <form method="get" action="http://HPSearch.uni-trier.de/hp/cgi/hps.cgi">First- and
      Lastname: <input type="text" name="query" value="" size="25"/><input type="submit" value="Search"/><small>(Case
      Sensitive)</small><br/>
    <input type="submit" name="dbSearchLike" value="Search Like"/><input type="submit" name="Jump" value="Jump to best Page"/><input type="submit" name="feedback" value="Feedback"/><input type="reset" value="Reset"/></form>
  </body>
</html>
