<?xml version="1.0"?>
<!--$Id: real-radio-tuner.xml 3902 2006-05-03 02:54:05Z raman $-->
<!DOCTYPE html PUBLIC "-//W3C//DTD XHTML 1.0 Transitional//EN" "http://www.w3.org/TR/xhtml1/DTD/xhtml1-transitional.dtd">
<html xmlns="http://www.w3.org/1999/xhtml">
  <head>
    <title>RealGuide: Radio Tuner</title>
  </head>
  <body>
    <p>
      <form action="http://realguide.real.com/RGI/RG-us.(/tuner/).hline-3.form..RGI/tuner/index.html">
        <input type="hidden" name="type" value="results"/>
        <input type="hidden" name="pv" value=""/>
        <input type="hidden" name="pt" value=""/>
        <input type="hidden" name="prefix" value=""/>
        <label for="keyword">Keywords </label>
        <input name="keyword" type="text" size="20" value="" id="keyword"/>
        <input type="submit" value="Search"/>
      </form>
    </p>
  </body>
</html>
